_id,COD. INSCRIPCIÓN,NOMBRE,MODALIDAD,CATEGORIA,DIRECCIÓN,LOCALIDAD,MUNICIPIO,ZONA,PLAZAS,FECHA DE INSCRIPCION
1,UH000678            ,A Pamplona,Hotel,2 Estrellas,Sancho Ramirez 15 ,PAMPLONA,PAMPLONA <> IRUÑA                                                                                   ,Cuenca de Pamplona,24,1997-02-19T00:00:00
2,UH000645            ,Abba Reino de Navarra,Hotel,4 Estrellas,Acella 1 ,PAMPLONA,PAMPLONA <> IRUÑA                                                                                   ,Cuenca de Pamplona,176,1996-01-17T00:00:00
3,UHS00856            ,Abodi II,Hostal,HsG,Sancho Ramírez 31 Esc. Dcha 1ºC,PAMPLONA,PAMPLONA <> IRUÑA                                                                                   ,Cuenca de Pamplona,8,2010-08-02T00:00:00
4,UH000503            ,AC Ciudad de Pamplona,Hotel,4 Estrellas,Iturrama 21 ,PAMPLONA,PAMPLONA <> IRUÑA                                                                                   ,Cuenca de Pamplona,178,1978-12-30T00:00:00
5,uh000737            ,AC Ciudad de Tudela,Hotel,4 Estrellas,"Misericordia, s/n 0 ",TUDELA,TUDELA                                                                                              ,La Ribera,84,2001-11-21T00:00:00
6,UHS00758            ,Acella 4,Hostal,HsG,Pintor Paret 2 2º E,PAMPLONA,PAMPLONA <> IRUÑA                                                                                   ,Cuenca de Pamplona,16,2003-07-05T00:00:00
7,UPE00655            ,Acella II,Pensión,P**,Acella 3 6º A,PAMPLONA,PAMPLONA <> IRUÑA                                                                                   ,Cuenca de Pamplona,7,1996-01-17T00:00:00
8,UPE00698            ,Acella III,Pensión,P*,Acella 3 6º B,PAMPLONA,PAMPLONA <> IRUÑA                                                                                   ,Cuenca de Pamplona,6,1998-11-25T00:00:00
9,uh000786            ,Agorreta,Hotel,3 Estrellas,Ziriota 3 ,SALINAS DE PAMPLONA,GALAR                                                                                               ,Cuenca de Pamplona,47,2005-09-20T00:00:00
10,UPE00327            ,Aguirre,Pensión,P*,Irun km.8 0 ,ORICÁIN,EZCABARTE                                                                                           ,Cuenca de Pamplona,23,1964-06-30T00:00:00
11,UH000802            ,Agustinos,Hotel,3 Estrellas,"Agustinos, Comarca 1 C/B",BERRIOPLANO,BERRIOPLANO                                                                                         ,Cuenca de Pamplona,118,2006-10-27T00:00:00
12,UH000841            ,Aire de Bardenas,Hotel,4 Estrellas,"Ejea, Km 1,5 0 ",TUDELA,TUDELA                                                                                              ,La Ribera,43,2008-10-20T00:00:00
13,UH000777            ,Akerreta,Hotel,2 Estrellas,Transfiguración 11 ,AKERRETA,ESTERIBAR                                                                                           ,Pirineos,20,2004-09-21T00:00:00
14,UHSR0644            ,Alaitze,Hostal,HsRural,San Salvador 52 ,HIRIBERRI/VILLANUEVA DE AEZKOA,HIRIBERRI/VILLANUEVA DE AEZKOA                                                                      ,Pirineos,10,1994-02-11T00:00:00
15,UH000439            ,Alaiz,Hotel,2 Estrellas,Pamplona-Zaragoza km.9 0 ,BERIÁIN,BERIÁIN                                                                                             ,Cuenca de Pamplona,128,1974-05-08T00:00:00
16,UH000652            ,Albret,Hotel,4 Estrellas,Ermitagaña 3 ,PAMPLONA,PAMPLONA <> IRUÑA                                                                                   ,Cuenca de Pamplona,212,1995-12-20T00:00:00
17,UH000352            ,Alda Centro Pamplona,Hotel,2 Estrellas,Virgen de la O 7 ,PAMPLONA,PAMPLONA <> IRUÑA                                                                                   ,Cuenca de Pamplona,42,1966-10-25T00:00:00
18,uh000613            ,Alhama,Hotel,3 Estrellas,N.113 Pamplona-Madrid 0 ,CINTRUÉNIGO,CINTRUÉNIGO                                                                                         ,La Ribera,64,1990-10-10T00:00:00
19,UH000880            ,Alma Pamplona,Hotel,5 Estrellas,Beloso Bajo 11 ,PAMPLONA,PAMPLONA <> IRUÑA                                                                                   ,Cuenca de Pamplona,118,2012-01-25T00:00:00
20,UHS00824            ,Alojamientos Pamplona,Hostal,HsG,Sancho Ramírez 7 1ºB,PAMPLONA,PAMPLONA <> IRUÑA                                                                                   ,Cuenca de Pamplona,11,2008-03-28T00:00:00
21,UPE00865            ,Amets,Pensión,P*,Gerestegi 25 ,ZUBIRI,ESTERIBAR                                                                                           ,Pirineos,9,2010-11-08T00:00:00
22,UHS00642            ,Ameztia,Hostal,HsG,Ameztia 9 ,DONEZTEBE/SANTESTEBAN,DONEZTEBE/SANTESTEBAN                                                                               ,Pirineos,17,1994-09-21T00:00:00
23,UHS00934            ,Ameztia II,Hostal,HsG,Ameztia  11 ,DONEZTEBE/SANTESTEBAN,DONEZTEBE/SANTESTEBAN                                                                               ,Pirineos,20,2018-06-14T00:00:00
24,UHSR0964            ,Amillano Rural Suites,Hostal,HsRural,San Román 1 ,AMILLANO,ALLÍN                                                                                               ,Zona Media,10,2021-12-07T00:00:00
25,UH000706            ,Andía,Hotel,4 Estrellas,Ipertegui 1 ,ORKOIEN,ORCOYEN                                                                                             ,Cuenca de Pamplona,242,1999-10-28T00:00:00
26,UHSR0969            ,Ansonea,Hostal,HsRural,Los Fueros 1 ,BERA,BERA/VERA DE BIDASOA                                                                                ,Pirineos,14,2021-10-11T00:00:00
27,UHS00755            ,Aralar,Hostal,HsG,San Nicolás 12 2º,PAMPLONA,PAMPLONA <> IRUÑA                                                                                   ,Cuenca de Pamplona,5,2002-10-23T00:00:00
28,UHS00823            ,Aralar,Hostal,HsG,Guipúzcoa Km 5´5 0 ,AIZOÁIN,BERRIOPLANO                                                                                         ,Cuenca de Pamplona,60,2008-12-03T00:00:00
29,UHS00766            ,Arangoiti,Hostal,HsG,René Petit 0 S/N,YESA,YESA                                                                                                ,Zona Media,15,2003-12-16T00:00:00
30,UH000897            ,Arantza,Hotel,5 Estrellas,Aientsa Auzoa 10 Arantza Hotela,ARANTZA,ARANTZA                                                                                             ,Pirineos,24,2013-06-08T00:00:00
31,UHS00709            ,Ardoi,Hostal,HsG,Belascoain 30 ,ZIZUR MAYOR,ZIZUR MAYOR <> ZIZUR NAGUSIA                                                                        ,Cuenca de Pamplona,16,2000-01-19T00:00:00
32,UHS00745            ,Area 99,Hostal,HsG,Merkatondoa  32 A,ESTELLA-LIZARRA,ESTELLA <> LIZARRA                                                                                  ,Zona Media,22,2002-03-20T00:00:00
33,UHR00811            ,Aribe,Hotel rural,2 Estrellas,Santa María 33 ,ARIBE,ARIBE                                                                                               ,Pirineos,20,2007-12-07T00:00:00
34,UHS00959            ,Aritzalko,Hostal,HsG,Pamplona-Vitoria 0 km. 23,ETXARRI-ARANATZ,ETXARRI-ARANATZ                                                                                     ,Pirineos,17,2021-01-18T00:00:00
35,UHSR0531            ,Aróstegui,Hostal,HsRural,Chiquirrín 13 ,GARAIOA,GARAIOA                                                                                             ,Pirineos,14,1980-05-28T00:00:00
36,UHS00600            ,Arotza,Hostal,HsG,De Navarra 3 ,TAFALLA,TAFALLA                                                                                             ,Zona Media,32,1989-09-27T00:00:00
37,UPE00968            ,Arpetxea,Pensión,P*,San Juan 18 ,RONCAL,RONCAL <> ERRONKARI                                                                                 ,Pirineos,8,2021-07-10T00:00:00
38,UHS00746            ,Arriazu,Hostal,HsG,Comedias  14 1º - 2º,PAMPLONA,PAMPLONA <> IRUÑA                                                                                   ,Cuenca de Pamplona,43,2002-04-24T00:00:00
39,UHSR0850            ,Arrobi Borda,Hostal,HsRural,"Irurita, s/n 0 ",EUGI,ESTERIBAR                                                                                           ,Pirineos,9,2009-05-06T00:00:00
40,UPE00896            ,Arróniz,Pensión,P**,Allo 14 ,ARRÓNIZ,ARRÓNIZ                                                                                             ,Zona Media,9,2013-06-14T00:00:00
41,uhs00484            ,Atalaya,Hostal,HsG,Daban 11 ,PERALTA,PERALTA                                                                                             ,La Ribera,32,1976-02-09T00:00:00
42,UH000719            ,Atxaspi,Hotel,2 Estrellas,Bittiria 16 ,LESAKA,LESAKA                                                                                              ,Pirineos,16,2001-03-21T00:00:00
43,UHR00562            ,Auñamendi,Hotel rural,2 Estrellas,Urrutia 23 ,OCHAGAVÍA,OCHAGAVÍA                                                                                           ,Pirineos,25,1970-12-28T00:00:00
44,UHSR0773            ,Auzoa,Hostal,HsRural,Illekueta 13 ,BERA,BERA/VERA DE BIDASOA                                                                                ,Pirineos,12,2004-07-26T00:00:00
45,UH000592            ,Avenida,Hotel,3 Estrellas,Zaragoza 5 ,PAMPLONA,PAMPLONA <> IRUÑA                                                                                   ,Cuenca de Pamplona,48,1991-08-21T00:00:00
46,UHS00013            ,Ayestarán I,Hostal,HsG,Aralar 22 ,LEKUNBERRI,LEKUNBERRI                                                                                          ,Pirineos,136,1969-10-17T00:00:00
47,UHSR0014            ,Ayestarán II,Hostal,HsRural,Aralar 27 ,LEKUNBERRI,LEKUNBERRI                                                                                          ,Pirineos,36,1948-05-31T00:00:00
48,UH000854            ,Balneario de Elgorriaga,Hotel,3 Estrellas,"Errotaldea, s/n 0 ",ELGORRIAGA,ELGORRIAGA                                                                                          ,Pirineos,135,2009-11-25T00:00:00
49,UH000008            ,Balneario Gustavo Adolfo Bécquer,Hotel,3 Estrellas,Extramuros 0 s/n,FITERO,FITERO                                                                                              ,La Ribera,322,1948-02-11T00:00:00
50,UH000079            ,Balneario Virrey Palafox,Hotel,3 Estrellas,Extramuros 0 s/n,FITERO,FITERO                                                                                              ,La Ribera,119,1948-02-11T00:00:00
51,UH000326            ,Baztan,Hotel,3 Estrellas,Pamplona-Francia km.52 0 ,GARTZAIN,BAZTAN                                                                                              ,Pirineos,168,1964-06-27T00:00:00
52,UHS00148            ,Bearán 1,Hostal,HsG,San Nicolás 25 ,PAMPLONA,PAMPLONA <> IRUÑA                                                                                   ,Cuenca de Pamplona,29,1951-06-30T00:00:00
53,UHS00760            ,Bearan 2,Hostal,HsG,San Nicolás 24 1º Izda,PAMPLONA,PAMPLONA <> IRUÑA                                                                                   ,Cuenca de Pamplona,12,2003-02-07T00:00:00
54,UPE00905            ,Bed & Breakfast Zaldu,Pensión,P**,Pío Baroja 1 ,ESTELLA-LIZARRA,ESTELLA <> LIZARRA                                                                                  ,Zona Media,8,2014-07-11T00:00:00
55,UH000877            ,Bed4U Pamplona,Hotel,3 Estrellas,"D, PG Ind. Cordovilla 7 ",CORDOVILLA,GALAR                                                                                               ,Cuenca de Pamplona,93,2011-09-20T00:00:00
56,UH000845            ,Bed4U Tudela,Hotel,3 Estrellas, Mañeru (PG. La Barrena) 0 ,TUDELA,TUDELA                                                                                              ,La Ribera,94,2008-11-27T00:00:00
57,UPE00776            ,Benta Berri,Pensión,P*,Roncesvalles 10 4º Izda,ZUBIRI,ESTERIBAR                                                                                           ,Pirineos,6,2004-02-09T00:00:00
58,uh000697            ,Beratxa,Hotel,3 Estrellas,Escuelas Pías 7 ,TAFALLA,TAFALLA                                                                                             ,Zona Media,27,1999-05-26T00:00:00
59,UHR00665            ,Bereau,Hotel rural,2 Estrellas,Bereau Auzoa 2 ,LESAKA,LESAKA                                                                                              ,Pirineos,25,1996-07-08T00:00:00
60,UHS00769            ,Bertiz,Hostal,HsG,San Juan Bautista 16 ,OIEREGI,BERTIZARANA                                                                                         ,Pirineos,18,2004-02-23T00:00:00
61,UHR00602            ,Besaro,Hotel rural,1 Estrella,Irigoien  5 ,IZALZU,IZALZU <> ITZALTZU                                                                                  ,Pirineos,16,1989-02-11T00:00:00
62,UHSR0691            ,Betelu,Hostal,HsRural,Mayor 7 1 dcha.,BETELU,BETELU                                                                                              ,Pirineos,9,1998-08-04T00:00:00
63,UHSR0558            ,Beti-Jai,Hostal,HsRural,Santa Agueda 2 ,AOIZ,AOIZ <> AGOITZ                                                                                      ,Pirineos,35,1983-03-06T00:00:00
64,UHSR0722            ,Bidean,Hostal,HsRural,Mayor 20 ,PUENTE LA REINA,PUENTE LA REINA <> GARES                                                                            ,Zona Media,36,2001-04-25T00:00:00
65,UH000606            ,Blanca de Navarra,Hotel,4 Estrellas,Pio XII 43 ,PAMPLONA,PAMPLONA <> IRUÑA                                                                                   ,Cuenca de Pamplona,204,1989-12-30T00:00:00
66,UPE00924            ,Buen Camino,Pensión,P*,San Nicolás 27 1º,ESTELLA-LIZARRA,ESTELLA <> LIZARRA                                                                                  ,Zona Media,3,2017-09-06T00:00:00
67,UHS00712            ,Burgalés,Hostal,HsG,Navarra 2 ,MILAGRO,MILAGRO                                                                                             ,La Ribera,12,2000-09-08T00:00:00
68,UHS00006            ,Burguete,Hostal,HsG,San Nicolás 71 S/N,AURITZ/BURGUETE,AURITZ/BURGUETE                                                                                     ,Pirineos,34,1948-09-02T00:00:00
69,UH000614            ,Burlada,Hotel,2 Estrellas,La Fuente 2 ,BURLADA,BURLADA <> BURLATA                                                                                  ,Cuenca de Pamplona,94,1990-11-22T00:00:00
70,UHR00829            ,Camino de las Bardenas,Hotel rural,1 Estrella,De la Noria 4 ,ARGUEDAS,ARGUEDAS                                                                                            ,La Ribera,14,2008-05-14T00:00:00
71,UHS00828            ,Camino del Perdón,Hostal,HsG,Iruzpegia 20 ,UTERGA,UTERGA                                                                                              ,Zona Media,10,2008-04-30T00:00:00
72,UH000805            ,Caracho,Hotel,3 Estrellas,Ombatillo 0 ,CORELLA,CORELLA                                                                                             ,La Ribera,30,2006-12-21T00:00:00
73,UPE00958            ,Carmen Alta,Pensión,P**,Carmen Alta 6 ,TUDELA,TUDELA                                                                                              ,La Ribera,6,2020-12-18T00:00:00
74,UPE00618            ,Casa Armendáriz,Pensión,P**,Navarro Villoslada 19 ,VIANA,VIANA                                                                                               ,Zona Media,13,1991-10-04T00:00:00
75,UH000814            ,Casa Azcona,Hotel,3 Estrellas,Belascoáin 24 ,ZIZUR MAYOR,ZIZUR MAYOR <> ZIZUR NAGUSIA                                                                        ,Cuenca de Pamplona,34,2007-09-28T00:00:00
76,UPE00909            ,Casa Elita,Pensión,P*,Amairu 7 ,LARRASOAÑA,ESTERIBAR                                                                                           ,Pirineos,4,2015-04-28T00:00:00
77,UHSR0631            ,Casa Equiza,Hostal,HsRural,San Lorenzo 25 ,USCARRÉS,GALLUÉS <> GALOZE                                                                                   ,Pirineos,22,1992-12-30T00:00:00
78,UPE00902            ,Casa Etxezuria,Pensión,P**,Elizaldea 60 ,LUZAIDE/VALCARLOS,LUZAIDE/VALCARLOS                                                                                   ,Pirineos,2,2014-06-05T00:00:00
79,UH000748            ,Casa Jacinto,Hotel,1 Estrella,"Mugazuri, parcela c-11 0 ",BURLADA,BURLADA <> BURLATA                                                                                  ,Cuenca de Pamplona,42,2002-06-26T00:00:00
80,UH000955            ,Casa Luisa,Hotel,2 Estrellas,San Lázaro 7 ,AYEGUI,AYEGUI                                                                                              ,Zona Media,29,2020-04-08T00:00:00
81,UHS00952            ,Casa Nahia,Hostal,HsG,Pamplona 9 ,LORCA,YERRI                                                                                               ,Zona Media,14,2020-04-24T00:00:00
82,UPE00132            ,Casa Otano,Pensión,P**,San Nicolas 5 1º,PAMPLONA,PAMPLONA <> IRUÑA                                                                                   ,Cuenca de Pamplona,23,1948-09-18T00:00:00
83,UHSR0891            ,Casa Otsoa,Hostal,HsRural,Rotxapea 4 ,EZCÁROZ,EZCÁROZ <> EZKAROZE                                                                                 ,Pirineos,16,2012-10-30T00:00:00
84,UPE00965            ,Casa Otxotenea,Pensión,P*,Albistur 36 ,LESAKA,LESAKA                                                                                              ,Pirineos,3,2021-07-28T00:00:00
85,UHSR0921            ,Casa Palacio Hernández,Hostal,HsRural,San Felices  5 ,VIANA,VIANA                                                                                               ,Zona Media,10,2017-05-31T00:00:00
86,UHSR0315            ,Casa Perico,Hostal,HsRural,Berbinzana 8 ,LARRAGA,LARRAGA                                                                                             ,Zona Media,25,1970-04-05T00:00:00
87,UHSR0183            ,Casa Sabina,Hostal,HsRural,Pamplona-Francia km. 48 0 ,ORREAGA/RONCESVALLES,ORREAGA/RONCESVALLES                                                                                ,Pirineos,8,1969-09-13T00:00:00
88,UPE00932            ,Casa Santamaría,Pensión,P*,Mayor 28 ,DONEZTEBE/SANTESTEBAN,DONEZTEBE/SANTESTEBAN                                                                               ,Pirineos,6,2017-12-29T00:00:00
89,UHSR0493            ,Casa Sario,Hostal,HsRural,LLana 11 ,JAURRIETA,JAURRIETA                                                                                           ,Pirineos,13,1977-11-08T00:00:00
90,UPE00849            ,Casa Txarrantxulo,Pensión,P*,Burguiberría 2 ,ISABA,ISABA <> IZABA                                                                                      ,Pirineos,12,2009-05-21T00:00:00
91,UHR00163            ,Casa Zanito,Hotel rural,2 Estrellas,Rua Mayor 16 ,OLITE,OLITE                                                                                               ,Zona Media,32,1959-05-12T00:00:00
92,UH000835            ,"Castillo de Gorraiz, Golf & Spa",Hotel,4 Estrellas,Egüés 78 ,GORRÁIZ,EGÜÉS                                                                                               ,Cuenca de Pamplona,91,2008-07-17T00:00:00
93,UH000789            ,Castillo de Javier,Hotel,1 Estrella,"San Nicolás, 50-52 0 ",PAMPLONA,PAMPLONA <> IRUÑA                                                                                   ,Cuenca de Pamplona,22,2005-07-12T00:00:00
94,UH000778            ,Catalonia Las Cañas,Hotel,4 Estrellas,Logroño Mendavia Km. 99 (C. Co 0 ,VIANA,VIANA                                                                                               ,Zona Media,102,2004-10-22T00:00:00
95,UH000826            ,Château Pago de Cirsus,Hotel,4 Estrellas,"Ablitas-Ribaforada, Km 5 0 ",ABLITAS,ABLITAS                                                                                             ,La Ribera,24,2008-04-16T00:00:00
96,UH000753            ,Churrut,Hotel,3 Estrellas,de los Fueros 2 ,BERA,BERA/VERA DE BIDASOA                                                                                ,Pirineos,33,2002-02-09T00:00:00
97,UH000863            ,Ciudad de Corella,Hotel,2 Estrellas,"de Navarra, s/n 0 ",CORELLA,CORELLA                                                                                             ,La Ribera,93,2010-12-07T00:00:00
98,UH000960            ,Ciudadela,Hotel,2 Estrellas,Ciudadela 13 ,PAMPLONA,PAMPLONA <> IRUÑA                                                                                   ,Cuenca de Pamplona,54,2021-01-28T00:00:00
99,UHS00384            ,Cristina,Hostal,HsG,Baja Navarra 1 1º,ESTELLA-LIZARRA,ESTELLA <> LIZARRA                                                                                  ,Zona Media,19,1969-07-31T00:00:00
100,UH000793            ,Cross Elorz,Hotel,3 Estrellas,Europa 13 ,IMÁRCOAIN,NOÁIN (VALLE DE ELORZ <> /NOAIN (ELORTZIBAR)                                                        ,Cuenca de Pamplona,134,2006-08-02T00:00:00
101,UH000399            ,Delta,Hotel,3 Estrellas,Zaragoza 29 ,TUDELA,TUDELA                                                                                              ,La Ribera,63,1987-07-20T00:00:00
102,UH000009            ,Don Carlos,Hotel,2 Estrellas,Dorraburu 0 S/N,HUARTE,HUARTE <> UHARTE                                                                                    ,Cuenca de Pamplona,47,1969-09-13T00:00:00
103,UHS00663            ,Don Javier,Hostal,HsG,Abajitabidea 5 ,ORORBIA,OLZA                                                                                                ,Cuenca de Pamplona,47,1996-03-07T00:00:00
104,UHSR0624            ,Donamariako Benta,Hostal,HsRural,Bentas 4 ,DONAMARIA,DONAMARIA                                                                                           ,Pirineos,10,1991-10-29T00:00:00
105,UH000605            ,Ducay,Hotel,2 Estrellas,Rua de Medios 1 ,OLITE,OLITE                                                                                               ,Zona Media,34,1990-03-21T00:00:00
106,UHSR0944            ,Edronekoa,Hostal,HsRural,Beriainbidea 2 ,UNANU,ERGOIENA                                                                                            ,Pirineos,10,2019-04-15T00:00:00
107,UH000687            ,Ekai,Hotel,3 Estrellas,de Aoiz 0 S/N,EKAI DE LÓNGUIDA,LÓNGUIDA <> LONGIDA                                                                                 ,Pirineos,36,1997-08-10T00:00:00
108,UHS00701            ,Ekaitza,Hostal,HsG,Berria 13 ,LESAKA,LESAKA                                                                                              ,Pirineos,12,1999-04-14T00:00:00
109,uhsr0615            ,El Almadiero,Hostal,HsRural,Padre Tomás de Burgui 1 ,BURGUI,BURGUI <> BURGI                                                                                     ,Pirineos,18,1991-05-06T00:00:00
110,UHSR0763            ,El Arriero,Hostal,HsRural,Muskilda 5 ,OLCOZ,BIURRUN-OLCOZ                                                                                       ,Zona Media,13,2003-10-09T00:00:00
111,UPE00885            ,El Camino Urban Rooms,Pensión,P*,San Gregorio 12 ,PAMPLONA,PAMPLONA <> IRUÑA                                                                                   ,Cuenca de Pamplona,20,2012-12-06T00:00:00
112,UH000751            ,El Castillo,Hotel,1 Estrella,El Pinar 46 ,LARRAGA,LARRAGA                                                                                             ,Zona Media,27,2002-04-09T00:00:00
113,UPE00529            ,El Cerco,Pensión,P*,Mayor 3 ,ARTAJONA,ARTAJONA                                                                                            ,Zona Media,10,1980-04-15T00:00:00
114,UHR00872            ,El Cerco,Hotel rural,1 Estrella,Rodrigo Ximénez de Rada 36 ,PUENTE LA REINA,PUENTE LA REINA <> GARES                                                                            ,Zona Media,14,2011-04-05T00:00:00
115,UHS00333            ,El Corzo,Hostal,HsG,Pamplona-Zaragoza km 70 0 ,VILLAFRANCA,VILLAFRANCA                                                                                         ,La Ribera,21,1969-02-25T00:00:00
116,UH000848            ,El Juglar,Hotel,3 Estrellas,Rúa Romana 39 ,OLITE,OLITE                                                                                               ,Zona Media,16,2009-04-20T00:00:00
117,UPE00847            ,El Lechuguero,Pensión,P**,Obispo Soldevilla 2 ,CASCANTE,CASCANTE                                                                                            ,La Ribera,29,2009-04-20T00:00:00
118,UHS00388            ,El Mirador,Hostal,HsG,Pamplona-Zaragoza km. 24 0 ,BARÁSOAIN,BARÁSOAIN                                                                                           ,Zona Media,65,1970-03-07T00:00:00
119,UPE00752            ,El Peregrino,Pensión,P*,San Nicolás 50 ,LARRASOAÑA,ESTERIBAR                                                                                           ,Pirineos,9,2002-11-09T00:00:00
120,UPE00892            ,El Peregrino,Pensión,P**,Llano del Real 8 ,SANGÜESA,SANGÜESA <> ZANGOZA                                                                                 ,Zona Media,10,2012-12-31T00:00:00
121,UHS00832            ,El Polígono,Hostal,HsG,Santos Justo y Pastor 0 s/n,FUSTIÑANA,FUSTIÑANA                                                                                           ,La Ribera,11,2008-06-20T00:00:00
122,UPE00899            ,El Prado,Pensión,P*,Bordaldea 16 1º D,ORKOIEN,ORCOYEN                                                                                             ,Cuenca de Pamplona,9,2014-11-02T00:00:00
123,UHR00851            ,El Secreto de Ollo,Hotel rural,1 Estrella,Santo Tomás 8 ,OLLO,OLLO                                                                                                ,Cuenca de Pamplona,18,2009-11-25T00:00:00
124,UH000658            ,el Villa Castejon,Hotel,3 Estrellas,N-232 km. 83.400 0 ,CASTEJÓN,CASTEJÓN                                                                                            ,La Ribera,173,1996-03-27T00:00:00
125,UHS00733            ,El Volante,Hostal,HsG,Merkatondoa 2 1º,ESTELLA-LIZARRA,ESTELLA <> LIZARRA                                                                                  ,Zona Media,20,2001-03-10T00:00:00
126,UHS00406            ,Elizondo,Hostal,HsG,María Azpilikueta 10 ,ELIZONDO,BAZTAN                                                                                              ,"",52,1972-03-29T00:00:00
127,UHSR0801            ,Elosta,Hostal,HsRural,Alde Zaharra 44 B,LEKUNBERRI,LEKUNBERRI                                                                                          ,Pirineos,14,2006-06-09T00:00:00
128,UPE00488            ,Escaray,Pensión,P*,Nueva 24 1º C,PAMPLONA,PAMPLONA <> IRUÑA                                                                                   ,Cuenca de Pamplona,10,1977-06-15T00:00:00
129,UHR00704            ,Eseverry,Hotel rural,2 Estrellas,Llana 35 ,JAURRIETA,JAURRIETA                                                                                           ,Pirineos,19,1999-07-28T00:00:00
130,UPE00053            ,Eskisaroi,Pensión,P**,Jaime Urrutia 40 ,ELIZONDO,BAZTAN                                                                                              ,Pirineos,10,1950-11-12T00:00:00
131,UPE00521            ,Eslava,Pensión,P*,Eslava 13 1º,PAMPLONA,PAMPLONA <> IRUÑA                                                                                   ,Cuenca de Pamplona,17,1971-09-02T00:00:00
132,UPE00939            ,Estela,Pensión,P*,Sancho Ramirez  9 1ºB,PAMPLONA,PAMPLONA <> IRUÑA                                                                                   ,Cuenca de Pamplona,8,2018-01-10T00:00:00
133,UPE00941            ,Estela II,Pensión,P*,Sancho Ramirez 5 1ºA ,PAMPLONA,PAMPLONA <> IRUÑA                                                                                   ,Cuenca de Pamplona,8,2018-11-28T00:00:00
134,UHS00957            ,Estella Rooms,Hostal,HsG,San Nicolás 3 ,ESTELLA-LIZARRA,ESTELLA <> LIZARRA                                                                                  ,Zona Media,32,2020-12-08T00:00:00
135,UHSR0809            ,Etayo,Hostal,HsRural,Vitoria 37 bajo,MURIETA,MURIETA                                                                                             ,Zona Media,16,2007-05-14T00:00:00
136,UHSR0671            ,Etxeberri,Hostal,HsRural,San Gil 20 ,EUGI,ESTERIBAR                                                                                           ,Pirineos,12,1996-11-13T00:00:00
137,UPE00320            ,Etxeberria I,Pensión,P*,Txuputo 43 ,ARIZKUN,BAZTAN                                                                                              ,Pirineos,12,1970-12-21T00:00:00
138,UPE00564            ,Etxeberria II,Pensión,P*,"Larrain, s/n 0 ",ARIZKUN,BAZTAN                                                                                              ,Pirineos,16,1983-08-22T00:00:00
139,UH000003            ,Europa,Hotel,3 Estrellas,Espoz y Mina 11 ,PAMPLONA,PAMPLONA <> IRUÑA                                                                                   ,Cuenca de Pamplona,38,1949-01-01T00:00:00
140,UHS00866            ,Europa,Hostal,HsG,Padre Ubillos 26 ,CASTEJÓN,CASTEJÓN                                                                                            ,La Ribera,20,2010-08-23T00:00:00
141,UH000797            ,Express By Holiday Inn,Hotel,3 Estrellas,"Area Comercial Galaria, Calle  111 ",MUTILVA,ARANGUREN                                                                                           ,Cuenca de Pamplona,154,2006-06-07T00:00:00
142,UHS00420            ,Ezequiel,Hostal,HsG,La Serna 14 ,LOS ARCOS,LOS ARCOS                                                                                           ,Zona Media,22,1973-06-03T00:00:00
143,UHS00936            ,Ezkaba,Hostal,HsG,Guipuzcoa 40 Oficina 1,PAMPLONA,PAMPLONA <> IRUÑA                                                                                   ,Cuenca de Pamplona,12,2018-12-19T00:00:00
144,UHSR0690            ,Ezkaurre,Hostal,HsRural,Garagardoia 14 ,ISABA,ISABA <> IZABA                                                                                      ,Pirineos,24,1998-01-07T00:00:00
145,UHSR0670            ,Ezkurra,Hostal,HsRural,Carreter  6 Prekonea etxea,EZKURRA,EZKURRA                                                                                             ,Pirineos,10,1996-10-30T00:00:00
146,uhsr0682            ,Gau-Txori,Hostal,HsRural,Francia por Alduides km.21 0 ,SAIGOTS,ESTERIBAR                                                                                           ,Pirineos,14,1997-04-06T00:00:00
147,UPE00817            ,Gestión de Alojamientos,Pensión,P*,"Pío XII 34 2ª esc, 3º izda",PAMPLONA,PAMPLONA <> IRUÑA                                                                                   ,Cuenca de Pamplona,6,2007-12-26T00:00:00
148,UPE00818            ,Gestión de Alojamientos I,Pensión,P*,Pío XII 26 6º E,PAMPLONA,PAMPLONA <> IRUÑA                                                                                   ,Cuenca de Pamplona,4,2007-12-26T00:00:00
149,UPE00819            ,Gestión de Alojamientos II,Pensión,P*,"Acella 3 esc izda, 1º A",PAMPLONA,PAMPLONA <> IRUÑA                                                                                   ,Cuenca de Pamplona,8,2007-12-26T00:00:00
150,UH000023            ,Gran Hotel La Perla,Hotel,5 Estrellas,del Castillo 1 ,PAMPLONA,PAMPLONA <> IRUÑA                                                                                   ,Cuenca de Pamplona,87,2007-08-13T00:00:00
151,UHSR0831            ,Haizea,Hostal,HsRural,Burguete 2 ,AURIZBERRI/ESPINAL,ERRO                                                                                                ,Pirineos,24,2008-05-30T00:00:00
152,UHR00917            ,Heredad Beragu,Hotel rural,2 Estrellas,El Abrigo 12 ,GALLIPIENZO,GALLIPIENZO                                                                                         ,Zona Media,18,2016-07-27T00:00:00
153,UPE00413            ,Hernani,Pensión,P*,De la Ribera 52 ,ARGUEDAS,ARGUEDAS                                                                                            ,La Ribera,10,1973-01-23T00:00:00
154,UPE00581            ,Hiru-Iturri,Pensión,P*,Buru 7 ,LEKAROZ,BAZTAN                                                                                              ,Pirineos,6,1986-09-10T00:00:00
155,UH000886            ,Hola Tafalla,Hotel,4 Estrellas,Javier Osés 4 ,TAFALLA,TAFALLA                                                                                             ,Zona Media,114,2012-06-26T00:00:00
156,UPE00963            ,Horno de la Higuera,Pensión,P**,Horno de la Higuera 3 ,TUDELA,TUDELA                                                                                              ,La Ribera,16,2021-06-29T00:00:00
157,UPE00871            ,Hospedaje Ntra. Sra. de Ujué,Pensión,P*,Nuestra Señora de Ujué 18 ,TAFALLA,TAFALLA                                                                                             ,Zona Media,21,2011-03-24T00:00:00
158,UH000874            ,Hospedería Chapitel,Hotel,4 Estrellas,Chapitel 1 ,ESTELLA-LIZARRA,ESTELLA <> LIZARRA                                                                                  ,Zona Media,27,2011-06-21T00:00:00
159,UHSR0803            ,Hospedería de Alesves,Hostal,HsRural,Bajo el Arco  34 ,VILLAFRANCA,VILLAFRANCA                                                                                         ,La Ribera,21,2006-11-20T00:00:00
160,UH000578            ,Hospedería de Leyre,Hotel,2 Estrellas,Mº S. Salvador de Leyre 0 ,YESA,YESA                                                                                                ,Zona Media,59,1986-03-20T00:00:00
161,UHR00807            ,Hospedería de Santa Fe,Hotel rural,1 Estrella,Santa Fe 2 ,SANTA FE,URRAÚL ALTO                                                                                         ,Pirineos,10,2007-03-23T00:00:00
162,UHSR0668            ,Hospedería Nª Sª de Codés,Hostal,HsRural,Santuario Nª Sª de Codés 0 ,TORRALBA DEL RÍO,TORRALBA DEL RÍO                                                                                    ,Zona Media,17,1996-09-30T00:00:00
163,UHSR0680            ,Hostería de Zubiri,Hostal,HsRural,Roncesvalles 6 ,ZUBIRI,ESTERIBAR                                                                                           ,Pirineos,20,1997-05-21T00:00:00
164,UHSR0782            ,Huartearena,Hostal,HsRural,San Martín 26 ,IZA,IZA                                                                                                 ,Cuenca de Pamplona,10,2005-05-19T00:00:00
165,UPE00949            ,Ibai Ega,Pensión,P*,Donantes de Sangre 3 3º izda,ESTELLA-LIZARRA,ESTELLA <> LIZARRA                                                                                  ,Zona Media,6,2019-11-09T00:00:00
166,UHR00791            ,Ibaiondo,Hotel rural,3 Estrellas,"Irún, Km. 11 0 ",OLAVE,OLAIBAR                                                                                             ,Cuenca de Pamplona,0,2005-07-12T00:00:00
167,UHS00069            ,Ibaisek,Hostal,HsG,San Antón 55 ,ZUDAIRE,AMÉSCOA BAJA                                                                                        ,Pirineos,45,1980-08-02T00:00:00
168,UHS00888            ,Ibesi,Hostal,HsG,Aramburu 21 ,LEZÁUN,LEZÁUN                                                                                              ,Zona Media,6,2012-07-16T00:00:00
169,UH000788            ,Ibis StylesPamplona Noain,Hotel,3 Estrellas,Real 0 S/N,NOÁIN,NOÁIN (VALLE DE ELORZ <> /NOAIN (ELORTZIBAR)                                                        ,Cuenca de Pamplona,102,2005-10-19T00:00:00
170,UHSR0859            ,Ioar,Hostal,HsRural,Oriente 12 ,SORLADA,SORLADA                                                                                             ,Zona Media,14,2010-03-18T00:00:00
171,UHSR0839            ,Irantzu,Hostal,HsRural,Nueva 8 ,ARANDIGOYEN,YERRI                                                                                               ,Zona Media,14,2008-08-28T00:00:00
172,UHR00765            ,Irati,Hotel rural,2 Estrellas,Ezcaroz 4 ,JAURRIETA,JAURRIETA                                                                                           ,Pirineos,12,2003-10-30T00:00:00
173,UHS00933            ,Iratibizkar,Hostal,HsG,Ibaialde 1 ,OCHAGAVÍA,OCHAGAVÍA                                                                                           ,Pirineos,15,2018-06-06T00:00:00
174,UHSR0938            ,Iratiko Urkixokoa,Hostal,HsRural,Larraun 0 ,ORBAIZETA,ORBAITZETA                                                                                          ,Pirineos,20,2018-09-14T00:00:00
175,UHR00834            ,Iribarnia,Hotel rural,3 Estrellas,San José 8 ,LANTZ,LANTZ                                                                                               ,Pirineos,22,2008-06-30T00:00:00
176,UHSR0664            ,Irigoienea,Hostal,HsRural,Iribere 3 ,URDAZUBI/URDAX,URDAZUBI/URDAX                                                                                      ,Pirineos,20,1996-06-26T00:00:00
177,UH000741            ,Iriguibel,Hotel,3 Estrellas,Intxaurdia 4 ,HUARTE,HUARTE <> UHARTE                                                                                    ,Cuenca de Pamplona,68,2002-06-02T00:00:00
178,UH000707            ,Iru Bide,Hotel,1 Estrella,Vitoria 3 ,ALTSASU/ALSASUA,ALTSASU/ALSASUA                                                                                     ,Pirineos,13,1999-01-12T00:00:00
179,UH000407            ,Irubide,Hotel,1 Estrella,Bijues  0 S/N,LUMBIER,LUMBIER                                                                                             ,Pirineos,39,1972-12-05T00:00:00
180,UH000027            ,Iruña Palace. Tres Reyes,Hotel,4 Estrellas,de la Taconera 0 S/N,PAMPLONA,PAMPLONA <> IRUÑA                                                                                   ,Cuenca de Pamplona,336,1963-03-21T00:00:00
181,UHSR0804            ,Iruso,Hostal,HsRural,Erreka 14 ,LEITZA,LEITZA                                                                                              ,Pirineos,8,2006-11-20T00:00:00
182,UHA00820            ,Isaba,Hotel-apartamento,3 Estrellas,Bormapea 11 ,ISABA,ISABA <> IZABA                                                                                      ,Pirineos,61,2008-01-28T00:00:00
183,UPE00954            ,Itaka,Pensión,P**,LAPIZTEGUIA 50 Casa Itaka,ZUGARRAMURDI,ZUGARRAMURDI                                                                                        ,Pirineos,2,2020-07-28T00:00:00
184,UHS00714            ,Itxasoenea,Hostal,HsG,Las Eras 3 ,AOIZ,AOIZ <> AGOITZ                                                                                      ,Pirineos,18,2000-12-20T00:00:00
185,UHSR0770            ,Itzalargikoborda,Hostal,HsRural,de Berro 0 S/N,ELIZONDO,BAZTAN                                                                                              ,Pirineos,6,2004-02-23T00:00:00
186,UHS00735            ,Izaga,Hostal,HsG,Noain-Esquiroz. Calle O 7 ,NOÁIN,NOÁIN (VALLE DE ELORZ <> /NOAIN (ELORTZIBAR)                                                        ,Cuenca de Pamplona,122,2001-03-10T00:00:00
187,UHSR0498            ,Izar-Ondo,Hostal,HsRural,"Iruñeko Etorbidea, s/n 0 ",ARBIZU,ARBIZU                                                                                              ,Pirineos,34,1978-04-19T00:00:00
188,UPE00561            ,Izarra,Pensión,P*,Calderería 20 ,ESTELLA-LIZARRA,ESTELLA <> LIZARRA                                                                                  ,Zona Media,8,1983-04-08T00:00:00
189,UHS00806            ,Izelai,Hostal,HsG,Pamplona 20 ,ALTSASU/ALSASUA,ALTSASU/ALSASUA                                                                                     ,Pirineos,50,2007-03-14T00:00:00
190,UHS00734            ,J.P.,Hostal,HsG,Padre Raimundo Lumbier 3 ,SANGÜESA,SANGÜESA <> ZANGOZA                                                                                 ,Zona Media,13,2001-03-10T00:00:00
191,UHS00870            ,Jai Alai,Hostal,HsG,II-Landa 18 L1,LEITZA,LEITZA                                                                                              ,Pirineos,31,2011-08-02T00:00:00
192,UH000616            ,Jakue,Hotel,3 Estrellas,Irunbidea 34 ,PUENTE LA REINA,PUENTE LA REINA <> GARES                                                                            ,Zona Media,45,1990-12-22T00:00:00
193,UHR00109            ,Juan Simón,Hotel rural,1 Estrella,La Asunción(Bº Ventas de Arrai 11 ,ARRAITZ-ORKIN,ULTZAMA                                                                                             ,Pirineos,14,1945-03-31T00:00:00
194,UPE00301            ,Juandeaburre,Pensión,P**,San Nicolás 28 ,AURITZ/BURGUETE,AURITZ/BURGUETE                                                                                     ,Pirineos,6,1970-01-01T00:00:00
195,UHR00810            ,Kuko,Hotel rural,2 Estrellas,Larrapil 6 ,ORONOZ-MUGAIRI,BAZTAN                                                                                              ,Pirineos,10,2007-05-25T00:00:00
196,UHR00816            ,La Antigua Azucarera,Hotel rural,2 Estrellas,de la Azucarera 2 ,MARCILLA,MARCILLA                                                                                            ,La Ribera,8,2007-12-21T00:00:00
197,UPE00951            ,La Atalaya,Pensión,P**,Rua San Francisco 9 ,OLITE,OLITE                                                                                               ,Zona Media,19,2020-05-02T00:00:00
198,UPE00662            ,La Basque,Pensión,P**,Irañeta 1 ,ETXALAR,ETXALAR                                                                                             ,Pirineos,11,1996-12-06T00:00:00
199,UHS00762            ,La Casa de mi Abuela,Hostal,HsG,Primicia 35 ,CINTRUÉNIGO,CINTRUÉNIGO                                                                                         ,La Ribera,10,2003-01-09T00:00:00
200,UPE00937            ,La Casa del Hilario,Pensión,P*,Dos de agosto 1 ,MILAGRO,MILAGRO                                                                                             ,La Ribera,12,2018-03-09T00:00:00
201,UH000790            ,La Joyosa Guarda,Hotel,4 Estrellas,Rua de Medios 23 ,OLITE,OLITE                                                                                               ,Zona Media,48,2005-07-12T00:00:00
202,UHS00403            ,La Parrilla,Hostal,HsG,Carlos III el Noble 6 ,TUDELA,TUDELA                                                                                              ,La Ribera,40,1970-12-15T00:00:00
203,UHSR0890            ,La Pata de la Oca,Hostal,HsRural,Mayor 5 ,TORRES DEL RÍO,TORRES DEL RÍO                                                                                      ,Zona Media,11,2012-01-10T00:00:00
204,UHSR0903            ,La Plaza,Hostal,HsRural,Don Rodrigo 39 ,PUENTE LA REINA,PUENTE LA REINA <> GARES                                                                            ,Zona Media,16,2014-05-30T00:00:00
205,UHSR0576            ,La Posada,Hostal,HsRural,"Única, s/n 0 ",ORREAGA/RONCESVALLES,ORREAGA/RONCESVALLES                                                                                ,Pirineos,53,1985-07-30T00:00:00
206,UPE00889            ,La Posada de San Marcial,Pensión,P*,San Marcial 13 ,TUDELA,TUDELA                                                                                              ,La Ribera,8,2012-03-09T00:00:00
207,UPE00694            ,La Residencia,Pensión,P*,Bergamín 45 4º Dcha,PAMPLONA,PAMPLONA <> IRUÑA                                                                                   ,Cuenca de Pamplona,12,1998-01-07T00:00:00
208,UPE00721            ,La Residencia 2,Pensión,P*,Roncesvalles 2 5º Dcha,PAMPLONA,PAMPLONA <> IRUÑA                                                                                   ,Cuenca de Pamplona,12,2000-03-28T00:00:00
209,upe00740            ,La Residencia 3,Pensión,P*,"Iturralde y Suit, 1 1º centro 0 ",PAMPLONA,PAMPLONA <> IRUÑA                                                                                   ,Cuenca de Pamplona,9,2001-12-26T00:00:00
210,UHS00953            ,La Rúa,Hostal,HsG,La Rua 21 ,ESTELLA-LIZARRA,ESTELLA <> LIZARRA                                                                                  ,Zona Media,9,2020-06-29T00:00:00
211,UPE00956            ,Labaiengo Ostatua,Pensión,P*,Karrikaburu 8 Labaiengo Ostatua,BEINTZA-LABAIEN,LABAIEN                                                                                             ,Pirineos,10,2020-08-27T00:00:00
212,UH000930            ,Landaben,Hotel,2 Estrellas,"Landaben, c/ L 0 s/n",PAMPLONA,PAMPLONA <> IRUÑA                                                                                   ,Cuenca de Pamplona,25,2018-08-01T00:00:00
213,UHS00961            ,Larrión,Hostal,HsG,Urbasa 16 ,LARRIÓN,ALLÍN                                                                                               ,Zona Media,12,2021-03-17T00:00:00
214,UPE00947            ,Las Hojas,Pensión,P*,Pamplona 2 3º B,TUDELA,TUDELA                                                                                              ,La Ribera,9,2019-04-06T00:00:00
215,UHS00447            ,Latorre,Hostal,HsG,Pamplona-Huesca km. 40 0 ,LIÉDENA,LIÉDENA                                                                                             ,Zona Media,96,1975-12-05T00:00:00
216,UHR00894            ,Latorrien de Ane,Hotel rural,3 Estrellas,Mayor 128 ,MUÉS,MUES                                                                                                ,Zona Media,18,2013-04-03T00:00:00
217,UHR00894            ,Latorrien de Ane,Hotel rural,3 Estrellas,Mayor 128 ,MUÉS,MUES                                                                                                ,Zona Media,18,2013-04-03T00:00:00
218,UHS00774            ,Latxanea,Hostal,HsG,Iortia 5 ,ALTSASU/ALSASUA,ALTSASU/ALSASUA                                                                                     ,Pirineos,8,2004-07-26T00:00:00
219,UHS00935            ,Legaz,Hostal,HsG,La Roza 1 ,FUNES,FUNES                                                                                               ,La Ribera,25,2018-06-12T00:00:00
220,UH000918            ,Lemik,Hotel,2 Estrellas,de los Fueros 12 ,ALTSASU/ALSASUA,ALTSASU/ALSASUA                                                                                     ,Pirineos,13,2017-11-02T00:00:00
221,UH000360            ,Leyre,Hotel,3 Estrellas,Leyre 7 ,PAMPLONA,PAMPLONA <> IRUÑA                                                                                   ,Cuenca de Pamplona,101,1969-09-13T00:00:00
222,upe00693            ,Leyre,Pensión,P**,Fco. Bergamín 5 2º y 3º,PAMPLONA,PAMPLONA <> IRUÑA                                                                                   ,Cuenca de Pamplona,12,1998-01-07T00:00:00
223,UHS00900            ,Leyre,Hostal,HsG,"Industrial, C/ D 2 ",AZAGRA,AZAGRA                                                                                              ,La Ribera,16,2014-03-31T00:00:00
224,UHS00761            ,Lizuniaga,Hostal,HsG,Garaitarreta Auzoa 26 ,BERA,BERA/VERA DE BIDASOA                                                                                ,Pirineos,8,2003-10-09T00:00:00
225,UHR00007            ,Loizu,Hotel rural,3 Estrellas,San Nicolás 13 ,AURITZ/BURGUETE,AURITZ/BURGUETE                                                                                     ,Pirineos,56,1969-09-13T00:00:00
226,UHSR0089            ,Lola,Hostal,HsRural,Mendigatxa 17 ,ISABA,ISABA <> IZABA                                                                                      ,Pirineos,40,1969-09-17T00:00:00
227,UHSR0915            ,Lopenea Landa Ostatua,Hostal,HsRural,Elbarren 47 Casa Lopenea,LEITZA,LEITZA                                                                                              ,Pirineos,24,2016-05-19T00:00:00
228,UPE00633            ,Lorea,Pensión,P**,Txikirrin 0 S/N,GARAIOA,GARAIOA                                                                                             ,Pirineos,10,1993-03-24T00:00:00
229,UHSR0643            ,Lorentxo,Hostal,HsRural,Pamplona-Irún Km 11 0 ,OLAVE,OLAIBAR                                                                                             ,Cuenca de Pamplona,20,1994-10-26T00:00:00
230,UPE00912            ,Los Arcos,Pensión,P**,La Carrera 8 A,LOS ARCOS,LOS ARCOS                                                                                           ,Zona Media,26,2015-12-05T00:00:00
231,UPE00940            ,Los Llanos,Pensión,P*,Doctor Huarte de San Juan  8 2º,ESTELLA-LIZARRA,ESTELLA <> LIZARRA                                                                                  ,Zona Media,10,2018-10-30T00:00:00
232,UHS00418            ,Machain,Hostal,HsG,Dos Hermanas 40 ,IRURTZUN,IRURTZUN                                                                                            ,Pirineos,18,1973-03-24T00:00:00
233,UH000395            ,Maher,Hotel,3 Estrellas,Ribera 19 ,CINTRUÉNIGO,CINTRUÉNIGO                                                                                         ,La Ribera,32,1971-08-07T00:00:00
234,UH000346            ,Maisonnave,Hotel,4 Estrellas,Nueva 20 ,PAMPLONA,PAMPLONA <> IRUÑA                                                                                   ,Cuenca de Pamplona,271,1966-02-23T00:00:00
235,UPE00911            ,Maitetxu,Pensión,P*,Mayor 18 6º B,BURLADA,BURLADA <> BURLATA                                                                                  ,Cuenca de Pamplona,6,2015-07-05T00:00:00
236,UHSR0821            ,Mamerto,Hostal,HsRural,San Lorenzo 13 B,OBANOS,OBANOS                                                                                              ,Zona Media,16,2008-02-20T00:00:00
237,UPE00647            ,Mari Asun,Pensión,P*,Pio XII 32 6º Dcha,PAMPLONA,PAMPLONA <> IRUÑA                                                                                   ,Cuenca de Pamplona,11,1995-06-21T00:00:00
238,UHSR0962            ,Martínez,Hostal,HsRural,Mayor 20 ,VILLAFRANCA,VILLAFRANCA                                                                                         ,La Ribera,17,2021-04-30T00:00:00
239,uhs00481            ,Marzo,Hostal,HsG,Ancha 24 ,LODOSA,LODOSA                                                                                              ,La Ribera,26,1976-07-26T00:00:00
240,UPE00836            ,Mavi,Pensión,P**,Del Medio 7 ,LOS ARCOS,LOS ARCOS                                                                                           ,Zona Media,16,2008-07-17T00:00:00
241,UPE00661            ,Mayte,Pensión,P*,"Pio XII 34 2ª Esc, 1º Izda",PAMPLONA,PAMPLONA <> IRUÑA                                                                                   ,Cuenca de Pamplona,6,1996-05-22T00:00:00
242,UPE00882            ,Mendi,Pensión,P*,Navas de Tolosa 9 3º Izda,PAMPLONA,PAMPLONA <> IRUÑA                                                                                   ,Cuenca de Pamplona,8,2012-01-03T00:00:00
243,UHSR0942            ,Mendilatz II,Hostal,HsRural,Pantano Irabia 0 Km 4,ORBAIZETA,ORBAITZETA                                                                                          ,Pirineos,20,2019-01-15T00:00:00
244,UH000674            ,Merindad de Olite,Hotel,2 Estrellas,Rua de la Judería 11 ,OLITE,OLITE                                                                                               ,Zona Media,20,1997-01-29T00:00:00
245,UPE00717            ,Mesón del Barro II,Pensión,P**,Sancho Ramírez 3 5ºA,PAMPLONA,PAMPLONA <> IRUÑA                                                                                   ,Cuenca de Pamplona,8,2001-07-03T00:00:00
246,UHS00742            ,Mesón del Barro III,Hostal,HsG,Sancho Ramirez 13 5º C,PAMPLONA,PAMPLONA <> IRUÑA                                                                                   ,Cuenca de Pamplona,7,2002-03-13T00:00:00
247,UHS00385            ,Mónaco,Hostal,HsG,Del Coso 1 ,LOS ARCOS,LOS ARCOS                                                                                           ,Zona Media,13,1969-08-14T00:00:00
248,UHS00669            ,Musunzar,Hostal,HsRural,Elbarren 14 ,LEITZA,LEITZA                                                                                              ,Pirineos,21,1996-10-30T00:00:00
249,UHS00045            ,Navarra,Hostal,HsG,Tudela 9 2ª,PAMPLONA,PAMPLONA <> IRUÑA                                                                                   ,Cuenca de Pamplona,25,1964-03-07T00:00:00
250,UH000603            ,NH Iruña Park,Hotel,4 Estrellas,Arcadio Larraona 1 ,PAMPLONA,PAMPLONA <> IRUÑA                                                                                   ,Cuenca de Pamplona,420,1989-11-22T00:00:00
251,UHR00796            ,Nobles de Navarra,Hotel rural,3 Estrellas,Cuesta Zapata 5 ,AIBAR,AIBAR <> OIBAR                                                                                      ,Zona Media,22,2006-06-21T00:00:00
252,UPE00610            ,Obel,Pensión,P*,Las Eras 5 2º,VILLAVA,VILLAVA <> ATARRABIA                                                                                ,Cuenca de Pamplona,11,1990-02-28T00:00:00
253,UHS00548            ,Ochoa,Hostal,HsG,Delicias 1 ,SAN ADRIÁN,SAN ADRIÁN                                                                                          ,La Ribera,28,1982-04-06T00:00:00
254,UPE00657            ,Olga,Pensión,P*,"Pio XII 34 Esc 1ª, 2 D",PAMPLONA,PAMPLONA <> IRUÑA                                                                                   ,Cuenca de Pamplona,6,1996-06-03T00:00:00
255,UHSR0725            ,Onbordi,Hostal,HsRural,Frain 52 ,LESAKA,LESAKA                                                                                              ,Pirineos,24,2001-06-06T00:00:00
256,UHSR0784            ,Onki Xin,Hostal,HsRural,Izarjentea 25 ,ISABA,ISABA <> IZABA                                                                                      ,Pirineos,21,2005-07-27T00:00:00
257,UHSR0280            ,Orialde,Hostal,HsRural,Urrutia 6 ,OCHAGAVÍA,OCHAGAVÍA                                                                                           ,Pirineos,19,1962-10-10T00:00:00
258,UPE00926            ,Orokietako Ostatua - Posada de Orokieta,Pensión,P*,San Tiburzio 7 ,OROKIETA,BASABURUA                                                                                           ,Pirineos,5,2017-06-29T00:00:00
259,UPE00908            ,Ostadar,Pensión,P*,San Lázaro 9 ,LOS ARCOS,LOS ARCOS                                                                                           ,Zona Media,12,2015-03-23T00:00:00
260,UH000901            ,P.N. Príncipe de Viana,Hotel,3 Estrellas,De los Teobaldos 2 ,OLITE,OLITE                                                                                               ,Zona Media,85,1965-01-01T00:00:00
261,UHS00688            ,Pagocelai,Hostal,HsG,Autovia A-15 0 Km 134,GORRITI,LARRAUN                                                                                             ,Pirineos,24,1998-04-02T00:00:00
262,UH000771            ,Palacio de Pujadas,Hotel,3 Estrellas,Navarro Villoslada 30 ,VIANA,VIANA                                                                                               ,Zona Media,54,2004-05-03T00:00:00
263,UHR00904            ,Palacio de Yrisarri,Hotel rural,3 Estrellas,Irisarri 1 ,IGANTZI,IGANTZI                                                                                             ,Pirineos,34,2014-09-30T00:00:00
264,UHR00860            ,Palacio Dos Olivos,Hotel rural,3 Estrellas,Luis Balerdi 2 ,GALDEANO,ALLÍN                                                                                               ,Zona Media,26,2010-03-29T00:00:00
265,UHSR0929            ,Palacio Jaureguía,Hostal,HsRural,Mayor 19 ,IRURITA,BAZTAN                                                                                              ,Pirineos,7,2017-02-08T00:00:00
266,UHS00913            ,Pamplona,Hostal,HsG,Berrioplano 2 ,ANSOAIN,ANSOÁIN                                                                                             ,Cuenca de Pamplona,30,2015-02-10T00:00:00
267,UPE00825            ,Pamplona Beds,Pensión,P*,"Acella 3 Dcha, 5º D",PAMPLONA,PAMPLONA <> IRUÑA                                                                                   ,Cuenca de Pamplona,8,2008-04-16T00:00:00
268,UH000869            ,Pamplona Catedral Hotel,Hotel,4 Estrellas,Dos de Mayo 4 ,PAMPLONA,PAMPLONA <> IRUÑA                                                                                   ,Cuenca de Pamplona,104,2010-10-22T00:00:00
269,UH000601            ,Pamplona El Toro,Hotel,4 Estrellas,Guipuzcoa km.5 0 ,BERRIOPLANO,BERRIOPLANO                                                                                         ,Cuenca de Pamplona,118,1989-10-25T00:00:00
270,UH000736            ,Pamplona Plaza,Hotel,3 Estrellas,Marcelo Celayeta 35 ,PAMPLONA,PAMPLONA <> IRUÑA                                                                                   ,Cuenca de Pamplona,50,2001-12-26T00:00:00
271,UPE00710            ,Pasadena,Pensión,P*,Pio XII 32 3º D,PAMPLONA,PAMPLONA <> IRUÑA                                                                                   ,Cuenca de Pamplona,19,2000-05-17T00:00:00
272,UPE00948            ,Patxikuzuria,Pensión,P*,Iturrizar 2 ,AURIZBERRI/ESPINAL,ERRO                                                                                                ,Pirineos,6,2019-07-25T00:00:00
273,UPE00666            ,Payvi II,Pensión,P*,Pio XII 24 3º B,PAMPLONA,PAMPLONA <> IRUÑA                                                                                   ,Cuenca de Pamplona,10,1996-07-08T00:00:00
274,UHS00720            ,Peñalén,Hostal,HsG,"Variante Peralta Km 23,5 0 ",PERALTA,PERALTA                                                                                             ,La Ribera,46,2001-03-28T00:00:00
275,UHR00967            ,Peruskenea,Hotel rural,2 Estrellas,Peruskenea 1 ,BERUETE,BASABURUA                                                                                           ,Pirineos,19,2021-09-30T00:00:00
276,UPE00946            ,Petit Abay Mendavia,Pensión,P**,De la Estación 27 ,MENDAVIA,MENDAVIA                                                                                            ,La Ribera,10,2019-05-20T00:00:00
277,UHS00785            ,Pichorradicas,Hostal,HsG,Cortadores 11 ,TUDELA,TUDELA                                                                                              ,La Ribera,14,2005-05-08T00:00:00
278,UPE00708            ,Pinilla,Pensión,P*,Santa Vicenta 5 ,CASCANTE,CASCANTE                                                                                            ,La Ribera,13,2000-01-19T00:00:00
279,UHS00612            ,Plaza,Hostal,HsG,San José de Calasanz 3 ,BUÑUEL,BUÑUEL                                                                                              ,La Ribera,9,1990-08-08T00:00:00
280,UH000812            ,Plazaola,Hotel,3 Estrellas,Aralar 8 ,IRURTZUN,IRURTZUN                                                                                            ,Pirineos,68,2007-07-09T00:00:00
281,UPE00764            ,Posada de Egüés,Pensión,P**,"Industrial de Egüés, C/ Z 29 ",EGÜÉS,EGÜÉS                                                                                               ,Cuenca de Pamplona,38,2003-10-17T00:00:00
282,UPE00922            ,Posada el Camino,Pensión,P*,San Saturnino 46 ,LINTZOAIN,ERRO                                                                                                ,Pirineos,0,2017-06-28T00:00:00
283,UHSR0759            ,Posada Elbete,Hostal,HsRural,"Mayor, s/n (plaza) 0 ",ELBETE,BAZTAN                                                                                              ,Pirineos,13,2003-02-07T00:00:00
284,UHSR0705            ,Posada Palacio Beola,Hostal,HsRural,Mayor 13 ,ALMANDOZ,BAZTAN                                                                                              ,Pirineos,31,1999-10-14T00:00:00
285,uhsr0641            ,Posada Sarigarri,Hostal,HsRural,San Martín 6 ,ABAURREPEA/ABAURREA BAJA,ABAURREPEA/ABAURREA BAJA                                                                            ,Pirineos,17,1994-08-06T00:00:00
286,UHR00376            ,Quinto Real,Hotel rural,1 Estrella,Pamplona-Francia km. 27 0 ,EUGI,ESTERIBAR                                                                                           ,Pirineos,36,1968-06-28T00:00:00
287,UHS00022            ,Remigio,Hostal,HsG,Gaztanbide 4 ,TUDELA,TUDELA                                                                                              ,La Ribera,67,1949-09-06T00:00:00
288,UH000800            ,Ríos,Hotel,3 Estrellas,Celso Muerza 18 ,SAN ADRIÁN,SAN ADRIÁN                                                                                          ,La Ribera,46,2006-06-09T00:00:00
289,UHS00927            ,Rodas Pamplona,Hostal,HsG,Estella 10 1º dcha,PAMPLONA,PAMPLONA <> IRUÑA                                                                                   ,Cuenca de Pamplona,14,2017-07-27T00:00:00
290,UHR00855            ,Roncesvalles,Hotel rural,3 Estrellas,Ntra Sra de Roncesvalles 14 ,ORREAGA/RONCESVALLES,ORREAGA/RONCESVALLES                                                                                ,Pirineos,32,2009-09-12T00:00:00
291,UPE00920            ,Room Pamplona,Pensión,P*,Acella 3 1º B,PAMPLONA,PAMPLONA <> IRUÑA                                                                                   ,Cuenca de Pamplona,7,2017-02-27T00:00:00
292,UHA00881            ,Ruralsuite,Hotel-apartamento,4 Estrellas,"N 121C Tudela-Tarazona 0 Km 7,7",CASCANTE,CASCANTE                                                                                            ,La Ribera,30,2012-10-02T00:00:00
293,UHSR0446            ,Salazar,Hostal,HsRural,Mayor 2 ,ORONZ,ORONZ                                                                                               ,Pirineos,24,1975-03-22T00:00:00
294,UHSR0907            ,San Andrés,Hostal,HsRural,Jesús Ordóñez 4 ,TORRES DEL RÍO,TORRES DEL RÍO                                                                                      ,Zona Media,34,2015-02-13T00:00:00
295,upe00756            ,San Pedro,Pensión,P**,Medio de San Pedro 13 ,VIANA,VIANA                                                                                               ,Zona Media,11,2003-02-19T00:00:00
296,UH000550            ,Sancho Ramírez,Hotel,3 Estrellas,"Sancho Ramírez, 11-13 0 ",PAMPLONA,PAMPLONA <> IRUÑA                                                                                   ,Cuenca de Pamplona,153,1982-07-16T00:00:00
297,UPE00925            ,Sanfermín Dorm,Pensión,P*,"De Javier 2 Bis, 1º",PAMPLONA,PAMPLONA <> IRUÑA                                                                                   ,Cuenca de Pamplona,5,2017-07-27T00:00:00
298,uh000351            ,Santamaría,Hotel,3 Estrellas,San Marcial 14 ,TUDELA,TUDELA                                                                                              ,La Ribera,70,1966-04-08T00:00:00
299,UHSR0702            ,Santamaría,Hostal,HsRural,Mayor 28 ,DONEZTEBE/SANTESTEBAN,DONEZTEBE/SANTESTEBAN                                                                               ,Pirineos,17,1999-05-05T00:00:00
300,UHSR0867            ,Santiago Ramón y Cajal,Hostal,HsRural,Nueva 1 ,PETILLA DE ARAGÓN,PETILLA DE ARAGÓN                                                                                   ,Zona Media,8,2010-10-09T00:00:00
301,UPE00637            ,Sarasate,Pensión,P**,Sarasate 30 2º dcha,PAMPLONA,PAMPLONA <> IRUÑA                                                                                   ,Cuenca de Pamplona,11,1993-01-01T00:00:00
302,UHSR0876            ,Sarbil,Hostal,HsRural,Mayor 2 ,IZCUE,OLZA                                                                                                ,Cuenca de Pamplona,30,2011-06-07T00:00:00
303,UH000775            ,Señorío de Ursua,Hotel,3 Estrellas,Casa Ikazatea 0 ,ARIZKUN,BAZTAN                                                                                              ,Pirineos,38,2004-07-26T00:00:00
304,UH000787            ,Silken Zizur Pamplona,Hotel,4 Estrellas,Etxesakan 3 ,ZIZUR MAYOR,ZIZUR MAYOR <> ZIZUR NAGUSIA                                                                        ,Cuenca de Pamplona,140,2005-10-10T00:00:00
305,UH000923            ,Spa Pompaelo,Hotel,4 Estrellas,Consistorial 3 ,PAMPLONA,PAMPLONA <> IRUÑA                                                                                   ,Cuenca de Pamplona,58,2017-08-21T00:00:00
306,UHS00780            ,Suetxe,Hostal,HsRural,Karramendabia 0 ,LOS ARCOS,LOS ARCOS                                                                                           ,Zona Media,6,2005-04-05T00:00:00
307,UHS00073            ,Tafalla,Hostal,HsG,Pamplona-Zaragoza km. 38 0 ,TAFALLA,TAFALLA                                                                                             ,Zona Media,38,1972-11-08T00:00:00
308,UPE00898            ,Tau,Pensión,P*,Errotabidea 18 ,LARRASOAÑA,ESTERIBAR                                                                                           ,Pirineos,9,2013-04-10T00:00:00
309,UHR00858            ,Teodosio de Goñi,Hotel rural,1 Estrella,San Andrés 20 ,AIZPÚN,GOÑI                                                                                                ,Cuenca de Pamplona,17,2010-03-03T00:00:00
310,upe00402            ,Tolareta,Pensión,P*,Berría 2 3º,LESAKA,LESAKA                                                                                              ,Pirineos,23,1962-07-16T00:00:00
311,UHS00749            ,Torre Monreal,Hostal,HsG,Cuesta de Loreto 8 ,TUDELA,TUDELA                                                                                              ,La Ribera,48,2002-07-08T00:00:00
312,UHSR0727            ,Trinquete Antxitonea,Hostal,HsRural,Braulio Iriarte 16 ,ELIZONDO,BAZTAN                                                                                              ,Pirineos,45,2001-06-20T00:00:00
313,UH000020            ,Tudela Bardenas,Hotel,3 Estrellas,Zaragoza 60 ,TUDELA,TUDELA                                                                                              ,La Ribera,94,1955-07-22T00:00:00
314,UHSR0686            ,Txapi-Txuri,Hostal,HsRural,Santa Ursula 63 ,MURILLO EL FRUTO,MURILLO EL FRUTO                                                                                    ,La Ribera,11,1997-07-30T00:00:00
315,UPE00625            ,Txiki,Pensión,P*,Mendigatxa 17 ,ISABA,ISABA <> IZABA                                                                                      ,Pirineos,32,1991-10-29T00:00:00
316,UH000833            ,Tximista,Hotel,4 Estrellas,Zaldu 15 ,ESTELLA-LIZARRA,ESTELLA <> LIZARRA                                                                                  ,Zona Media,56,2008-06-30T00:00:00
317,UPE00916            ,Txokoto,Pensión,P*,Braulio Iriarte 4 1º A,ELIZONDO,BAZTAN                                                                                              ,Pirineos,13,2016-07-09T00:00:00
318,UPE00943            ,Txomorgain,Pensión,P**,Dorrondo 10 ,ARLEGUI,GALAR                                                                                               ,Cuenca de Pamplona,4,2019-04-04T00:00:00
319,UH000843            ,Urbasa,Hotel,2 Estrellas,"Nacional, 1, Km 396 0 ",OLAZTI/OLAZAGUTIA,OLAZTI/OLAZAGUTÍA                                                                                   ,Pirineos,21,2008-10-31T00:00:00
320,UHSR0443            ,Urgain,Hostal,HsRural,Mugairi de Oronoz 2 ,ORONOZ-MUGAIRI,BAZTAN                                                                                              ,Pirineos,10,1975-05-02T00:00:00
321,UH000587            ,Urgain II,Hotel,2 Estrellas,Mugairi de Oronoz 4 ,ORONOZ-MUGAIRI,BAZTAN                                                                                              ,Pirineos,52,1988-11-03T00:00:00
322,upe00767            ,Usoa,Pensión,P*,"Puente de la Rabia,1 2º dcha 0 ",ZUBIRI,ESTERIBAR                                                                                           ,Pirineos,9,2003-12-15T00:00:00
323,UHR00878            ,Valdorba,Hotel rural,4 Estrellas,Santa María 29 ,SANSOÁIN,LEOZ                                                                                                ,Zona Media,24,2011-02-11T00:00:00
324,UHS00583            ,Venecia,Hostal,HsG,Diputación 70 ,AZAGRA,AZAGRA                                                                                              ,La Ribera,16,1987-02-01T00:00:00
325,uh000362            ,Venta de Etxalar,Hotel,3 Estrellas,Pamplona-Irún Km. 60 0 ,ETXALAR,ETXALAR                                                                                             ,Pirineos,71,1969-10-13T00:00:00
326,UHSR0715            ,Venta San Blas,Hostal,HsRural,"PNA-Francia, km.37, (Bº Mendio 0 ",ALMANDOZ,BAZTAN                                                                                              ,Pirineos,12,2001-01-24T00:00:00
327,UHSR0627            ,Venta Udabe,Hostal,HsRural,Udabe 0 ,UDABE,BASABURUA                                                                                           ,Pirineos,18,1992-10-28T00:00:00
328,UHR00204            ,Venta Ulzama,Hotel rural,2 Estrellas,"Pamplona-Francia, Km 31  0 ",ARRAITZ-ORKIN,ULTZAMA                                                                                             ,Pirineos,27,1949-10-31T00:00:00
329,UPE00893            ,Ver Venir,Pensión,P*,Catalain 8 ,GARÍNOAIN,GARÍNOAIN                                                                                           ,Zona Media,10,2013-01-29T00:00:00
330,UH000857            ,Villa de Andosilla,Hotel,3 Estrellas,San Cosme y San Damián 6 ,ANDOSILLA,ANDOSILLA                                                                                           ,La Ribera,40,2010-02-19T00:00:00
331,UH000862            ,Villa de Cárcar,Hotel,2 Estrellas,"El Mallatón, C/ A 1 ",CÁRCAR,CÁRCAR                                                                                              ,La Ribera,32,2010-12-07T00:00:00
332,UH000781            ,Villa de Larraga,Hotel,4 Estrellas,de Berbinzana 12 ,LARRAGA,LARRAGA                                                                                             ,Zona Media,40,2005-04-05T00:00:00
333,UH000861            ,Villa de Los Arcos,Hotel,3 Estrellas,"Na-129, Km 14, 6 0 ",LOS ARCOS,LOS ARCOS                                                                                           ,Zona Media,36,2010-04-05T00:00:00
334,UHSR0945            ,Villa de Mendavia,Hostal,HsRural,Ayuntamiento 7 ,MENDAVIA,MENDAVIA                                                                                            ,La Ribera,20,2019-02-05T00:00:00
335,UHSR0837            ,Villa Vieja,Hostal,HsRural,Villavieja 11 ,OLITE,OLITE                                                                                               ,Zona Media,22,2008-08-28T00:00:00
336,UHR00842            ,Villamarcilla,Hotel rural,4 Estrellas,"Estación, s/n 0 ",MARCILLA,MARCILLA                                                                                            ,La Ribera,47,2008-10-20T00:00:00
337,UH000783            ,Villava,Hotel,3 Estrellas,Pamplona 0 S/N,VILLAVA,VILLAVA <> ATARRABIA                                                                                ,Cuenca de Pamplona,115,2005-06-16T00:00:00
338,UH000010            ,Xabier,Hotel,3 Estrellas,de la Abadía 2 ,JAVIER,JAVIER                                                                                              ,Zona Media,92,1969-01-01T00:00:00
339,UH000379            ,Yamaguchi,Hotel,2 Estrellas,Javier 0 S/N,SANGÜESA,SANGÜESA <> ZANGOZA                                                                                 ,Zona Media,74,1968-12-11T00:00:00
340,UH000648            ,Yerri,Hotel,2 Estrellas,Yerri 35 ,ESTELLA-LIZARRA,ESTELLA <> LIZARRA                                                                                  ,Zona Media,52,1995-06-14T00:00:00
341,UH000005            ,Yoldi,Hotel,3 Estrellas,San Ignacio 11 ,PAMPLONA,PAMPLONA <> IRUÑA                                                                                   ,Cuenca de Pamplona,72,1945-11-07T00:00:00
342,UHS00440            ,Zalain,Hostal,HsG,Zalain Auzoa 19 2º,BERA,BERA/VERA DE BIDASOA                                                                                ,Pirineos,18,1974-10-31T00:00:00
343,UPE00928            ,Zaldiko,Pensión,P*,Roncesvalles 10 1º Dcha,ZUBIRI,ESTERIBAR                                                                                           ,Pirineos,9,2017-08-21T00:00:00
344,UH000822            ,Zenit Pamplona,Hotel,4 Estrellas,X Parque ComercialGalaria 1 ,CORDOVILLA,GALAR                                                                                               ,Cuenca de Pamplona,169,2008-05-03T00:00:00
345,UHS00887            ,Zubi XXI,Hostal,HsG,Irunbidea 28 ,PUENTE LA REINA,PUENTE LA REINA <> GARES                                                                            ,Zona Media,21,2012-06-26T00:00:00
346,UPE00844            ,Zubiaren Etxea,Pensión,P*,Camino de Santiago 2 ,ZUBIRI,ESTERIBAR                                                                                           ,Pirineos,7,2008-06-11T00:00:00
347,UPE00630            ,Zubietako Herriko Ostatua,Pensión,P**,Herriko Plaza 1 ,ZUBIETA,ZUBIETA                                                                                             ,Pirineos,10,1992-12-23T00:00:00
